<?xml version="1.0" encoding="UTF-8"?>
<dogShow>
    <judges>
        <judge>
            <id>1</id>
            <name>Bene</name>
            <surname>Jerson</surname>
        </judge>
        <judge>
            <id>2</id>
            <name>Darto</name>
            <surname>Uta</surname>
        </judge>
        <judge>
            <id>3</id>
            <name>Fasr</name>
            <surname>Meow</surname>
        </judge>
    </judges>
    <owners>
        <owner>
            <id>1</id>
            <name>Ben</name>
            <surname>Jer</surname>
        </owner>
        <owner>
            <id>2</id>
            <name>Daryy</name>
            <surname>Opera</surname>
        </owner>
        <owner>
            <id>3</id>
            <name>Fedor</name>
            <surname>Meow</surname>
        </owner>
    </owners>
    <dogs>
        <dog>
            <id>1</id>
            <name>Pie</name>
            <breedId>4</breedId>
            <ownerId>6</ownerId>
        </dog>
        <dog>
            <id>2</id>
            <name>Kleo</name>
            <breedId>8</breedId>
            <ownerId>12</ownerId>
        </dog>
        <dog>
            <id>3</id>
            <name>Zoe</name>
            <breedId>5</breedId>
            <ownerId>9</ownerId>
        </dog>
    </dogs>
    <breeds>
        <breed>
            <id>1</id>
            <name>Haski</name>
        </breed>
        <breed>
            <id>2</id>
            <name>Corgi</name>
        </breed>
        <breed>
            <id>3</id>
            <name>Shiba-Inu</name>
        </breed>
    </breeds>
    <winners>
        <winner>
            <id>1</id>
            <dogId>2</dogId>
        </winner>
        <winner>
            <id>2</id>
            <dogId>7</dogId>
        </winner>
        <winner>
            <id>3</id>
            <dogId>8</dogId>
        </winner>
    </winners>
</dogShow>